problem_id,path,language,complexity
1621,02_Data_Structures/1621_Distinct_Values.cpp,cpp,
a001,01_Basic_Syntax_Optimization/a001_Hello_World.cpp,cpp,O(1)
a006,01_Basic_Syntax_Optimization/a006_One_Variable_Quadratic_Equation.cpp,cpp,O(1)
a010,03_Algorithmic_Paradigms/a010_Prime_Factor.cpp,cpp,O(\sqrt{n})
a010,03_Algorithmic_Paradigms/a010_Prime_Factor.py,python,O(\sqrt{n})
a015,01_Basic_Syntax_Optimization/a015_Matrix_Flipping.cpp,cpp,O(R * C)
a034,03_Algorithmic_Paradigms/a034_Binary_Conversion_String.cpp,cpp,O(\log n)
a034,03_Algorithmic_Paradigms/a034_Binary_Conversion_String.py,python,O(\log n)
a038,01_Basic_Syntax_Optimization/a038_Number_Reverse.cpp,cpp,
a058,01_Basic_Syntax_Optimization/a058_Mod3.cpp,cpp,O(N)
a059,03_Algorithmic_Paradigms/a059_Perfect_Squares_Sum.cpp,cpp,O(\sqrt{b})
a059,03_Algorithmic_Paradigms/a059_Perfect_Squares_Sum.py,python,O(\sqrt{b})
a065,01_Basic_Syntax_Optimization/a065_Bank_Card.cpp,cpp,O(1)
a130,01_Basic_Syntax_Optimization/a130_Google_Lucky.cpp,cpp,O(T)
a148,01_Basic_Syntax_Optimization/a148_You_Cannot_Pass.cpp,cpp,O(N)
a244,01_Basic_Syntax_Optimization/a244_For_If_Practice.cpp,cpp,O(1)
a244,01_Basic_Syntax_Optimization/a244_For_If_Practice.py,python,O(1)
a248,03_Algorithmic_Paradigms/a248_Division_Pricision.py,python,O(n)
a453,03_Algorithmic_Paradigms/a453_QuadraticEquationRationalRoot.py,python,O(m)
a686,03_Algorithmic_Paradigms/a686_Snail_Climbing.py,python,O(1)
a693,01_Basic_Syntax_Optimization/a693_Prefix_Sum.cpp,cpp,O(N + M)
a695,03_Algorithmic_Paradigms/a695_Find_Largest_Prime_Factor.py,python,O(\sqrt{n})
a740,03_Algorithmic_Paradigms/a740_Prime_Factorization_Sum.py,python,O(\sqrt{n})
a861,01_Basic_Syntax_Optimization/a861_Secure_The_Parimeter.py,python,O(n)
b130,01_Basic_Syntax_Optimization/b130_Random_Number.cpp,cpp,O(N log N)
b367,01_Basic_Syntax_Optimization/b367_Reversed_World.cpp,cpp,O(N*M)
b428,01_Basic_Syntax_Optimization/b428_Caesar_Encryption.cpp,cpp,O(1)
b965,01_Basic_Syntax_Optimization/b965_201603_2_Matrix_Transformation.cpp,cpp,O(M * R * C)
c005,03_Algorithmic_Paradigms/c005_Ecological_Premium.py,python,O(n)
c006,01_Basic_Syntax_Optimization/c006_Combination_Lock.py,python,O(1)
c013,01_Basic_Syntax_Optimization/c013_Triangle_Wave.cpp,cpp,O(n * f * a^2)
c022,01_Basic_Syntax_Optimization/c022_Odd_Sum.cpp,cpp,O(N)
c079,03_Algorithmic_Paradigms/c079_Peter's_Smokes.py,python,O(1)
c085,01_Basic_Syntax_Optimization/c085_Pseudo_Random_Numbers.cpp,cpp,O(M)
c135,01_Basic_Syntax_Optimization/c135_LC_Display.cpp,cpp,O(L * n)
c276,01_Basic_Syntax_Optimization/c276_Basic_Bulls_And_Cows.py,python,O(n)
c290,01_Basic_Syntax_Optimization/c290_201703_1_Secret_Difference.cpp,cpp,O(N)
c294,01_Basic_Syntax_Optimization/c294_201610_1_Triangle.cpp,cpp,O(1)
c315,01_Basic_Syntax_Optimization/c315_IRobotPrequel.py,python,O(n)
c379,01_Basic_Syntax_Optimization/c379_Become_Quetion_Setter.cpp,cpp,O(1)
d010,01_Basic_Syntax_Optimization/d010_Perfect_Number.cpp,cpp,O(\sqrt{n})
d049,01_Basic_Syntax_Optimization/d049_Republic_of_China.cpp,cpp,O(1)
d050,01_Basic_Syntax_Optimization/d050_Time.cpp,cpp,O(1)
d065,01_Basic_Syntax_Optimization/d065_Three_People_One_Teacher.cpp,cpp,O(1)
d066,01_Basic_Syntax_Optimization/d066_Go_To_School.cpp,cpp,O(1)
d067,01_Basic_Syntax_Optimization/d067_Leap_Year.cpp,cpp,O(1)
d068,01_Basic_Syntax_Optimization/d068_Loss_Weight.cpp,cpp,O(1)
d070,01_Basic_Syntax_Optimization/d070_Leap_Year_0End.cpp,cpp,O(1)
d071,01_Basic_Syntax_Optimization/d071_Leap_Year_EOF.cpp,cpp,O(1)
d072,01_Basic_Syntax_Optimization/d072_Leap_Year_Case.cpp,cpp,O(1)
d073,01_Basic_Syntax_Optimization/d073_Group_Project.cpp,cpp,O(1)
d074,01_Basic_Syntax_Optimization/d074_Computer.cpp,cpp,O(N)
d097,01_Basic_Syntax_Optimization/d097_Jolly_Jumpers.cpp,cpp,O(n)
d123,01_Basic_Syntax_Optimization/d123_B2_Sequence.cpp,cpp,O(N^2)
d669,01_Basic_Syntax_Optimization/d669_Alarm_Clock.cpp,cpp,O(1)
d673,01_Basic_Syntax_Optimization/d673_No_Problem.cpp,cpp,O(1)
d827,01_Basic_Syntax_Optimization/d827_Buy_Pencil.cpp,cpp,O(1)
e834,01_Basic_Syntax_Optimization/e834_Wholesale.cpp,cpp,O(N)
e835,01_Basic_Syntax_Optimization/e835_Perform_Seat.cpp,cpp,O(1)
e968,01_Basic_Syntax_Optimization/e968_Student_List.cpp,cpp,O(N)
g275,01_Basic_Syntax_Optimization/g275_202109_1_couplets.cpp,cpp,
r488,01_Basic_Syntax_Optimization/r488_202510_1_Comet.cpp,cpp,O(M*S^2)
